Timestamp;Enter the survey access code / batch code here: ;Select only the image which contains a mobile smartphone in this Google Form.;I agree to participate in this research;Please confirm that you satisfy all the inclusion criteria by selecting the checkboxes that apply to you;Age;Gender;The new information (2) follows from the result of updating ùúì with new information (1), and the new information (1) follows from the result of updating ùúì with new information (2).;The result of updating ùúì with the new information (2) follows from the result of updating ùúì with the new information (1).;The result of updating ùúì with the new information (1) follows from the result of updating ùúì with the new information (2).;ùúì is complete.;The result of updating ùúì with statement (3), follows from statement (4).;Statement (7)  follows from the result of updating statement (4) with the new information (1).;The result of updating statement (4) with the new information (1), follows from statement (7).;ùúì is complete, and the result of statement (4) ‚àß new information (2) is satisfiable.;The result of updating statement (4) with new information (2), follows from the result of updating ùúì with statement (5).;I confirm that I have noted the above verification code for submission on Mechanical Turk.;Finally, any thoughts you wish to add about your experience participating in this survey?
2021/06/25 2:12:42 pm EET;BUbu2021$$;Option 2;Yes;"I am 18 or older;I am currently residing in the United States of America (USA);I am fluent in English";42;Male;8;9;10;7;5;7;5;7;7;Yes;
2021/06/25 2:20:12 pm EET;BUbu2021$$;Option 2;Yes;"I am 18 or older;I am currently residing in the United States of America (USA);I am fluent in English";42;Male;8;7;8;8;8;8;7;8;6;Yes;
2021/06/25 2:21:46 pm EET;BUbu2021$$;Option 2;Yes;"I am 18 or older;I am currently residing in the United States of America (USA);I am fluent in English";25;Male;1;8;1;1;4;5;3;8;9;Yes;
2021/06/25 2:28:39 pm EET;BUbu2021$$;Option 2;Yes;"I am 18 or older;I am currently residing in the United States of America (USA);I am fluent in English";36;Male;7;6;8;7;5;7;8;7;6;Yes;Thanks Clayton! Good luck on your research.
2021/06/25 2:30:14 pm EET;BUbu2021$$;Option 2;Yes;"I am 18 or older;I am currently residing in the United States of America (USA);I am fluent in English";47;Female;7;8;8;9;9;8;7;6;5;Yes;Thank you
2021/06/25 2:32:02 pm EET;BUbu2021$$;Option 2;Yes;"I am 18 or older;I am currently residing in the United States of America (USA);I am fluent in English";39;Female;7;4;7;4;4;8;8;9;4;Yes;
2021/06/25 2:35:09 pm EET;BUbu2021$$;Option 2;Yes;"I am 18 or older;I am currently residing in the United States of America (USA);I am fluent in English";28;Male;10;1;10;9;10;10;9;1;10;Yes;Nice task and thanks for the opportunity
2021/06/25 2:36:23 pm EET;BUbu2021$$;Option 2;Yes;"I am 18 or older;I am currently residing in the United States of America (USA);I am fluent in English";61;Female;8;8;8;4;4;6;5;7;7;Yes;
2021/06/25 2:38:33 pm EET;BUbu2021$$;Option 2;Yes;"I am 18 or older;I am currently residing in the United States of America (USA);I am fluent in English";42;Male;10;10;10;4;10;10;2;9;9;Yes;
2021/06/25 2:42:16 pm EET;BUbu2021$$;Option 2;Yes;"I am 18 or older;I am currently residing in the United States of America (USA);I am fluent in English";30;Female;5;7;4;6;7;10;10;1;1;Yes;
2021/06/25 2:49:44 pm EET;BUbu2021$$;Option 2;Yes;"I am 18 or older;I am currently residing in the United States of America (USA);I am fluent in English";40;Female;6;9;4;6;7;8;6;8;7;Yes;
2021/06/25 2:50:51 pm EET;BUbu2021$$;Option 2;Yes;"I am 18 or older;I am currently residing in the United States of America (USA);I am fluent in English";28;Male;3;10;3;10;8;10;3;8;8;Yes;No
2021/06/25 2:59:58 pm EET;BUbu2021$$;Option 2;Yes;"I am 18 or older;I am currently residing in the United States of America (USA);I am fluent in English";28;Female;9;10;9;8;4;6;1;9;8;Yes;My head is DYING. I'm good at first - I read the statements and I actually understand what they mean. The bottom questions about statements following and satisfying confused me though. I would have like to see some examples in the directions. 
2021/06/25 3:40:20 pm EET;BUbu2021$$;Option 2;Yes;"I am 18 or older;I am currently residing in the United States of America (USA);I am fluent in English";25;Female;8;7;8;4;8;3;2;7;8;Yes;
2021/06/25 3:56:23 pm EET;BUbu2021$$;Option 2;Yes;"I am 18 or older;I am currently residing in the United States of America (USA);I am fluent in English";27;Male;10;10;9;9;10;10;9;10;9;Yes;
2021/06/25 4:03:51 pm EET;BUbu2021$$;Option 2;Yes;"I am 18 or older;I am currently residing in the United States of America (USA);I am fluent in English";33;Male;8;7;5;5;7;7;8;6;4;Yes;Great
2021/06/25 4:21:17 pm EET;BUbu2021$$;Option 2;Yes;"I am 18 or older;I am currently residing in the United States of America (USA);I am fluent in English";44;Male;10;10;10;10;8;4;6;4;3;Yes;This was very challenging but I enjoyed making my judgements
2021/06/25 4:28:42 pm EET;BUbu2021$$;Option 2;Yes;"I am 18 or older;I am currently residing in the United States of America (USA);I am fluent in English";24;Female;8;6;7;4;7;9;5;7;8;Yes;
2021/06/25 4:31:01 pm EET;BUbu2021$$;Option 2;Yes;"I am 18 or older;I am currently residing in the United States of America (USA);I am fluent in English";44;Female;8;9;10;9;10;8;9;8;10;Yes;NICE
2021/06/25 4:52:08 pm EET;BUbu2021$$;Option 2;Yes;"I am 18 or older;I am currently residing in the United States of America (USA);I am fluent in English";24;Male;7;8;7;6;7;8;5;6;7;Yes;
2021/06/25 5:30:58 pm EET;BUbu2021$$;Option 2;Yes;"I am 18 or older;I am currently residing in the United States of America (USA);I am fluent in English";57;Male;4;6;4;2;6;8;6;8;5;Yes;"Sometimes I felt lost as if I was taking a quiz on a subject that was taught in a class I never attended; However did find it interesting."
2021/06/25 6:29:30 pm EET;BUbu2021$$;Option 2;Yes;"I am 18 or older;I am currently residing in the United States of America (USA);I am fluent in English";56;Female;9;9;7;5;8;8;3;5;9;Yes;This was quite difficult. Wish I knew the answers.
2021/06/25 6:31:31 pm EET;BUbu2021$$;Option 2;Yes;"I am 18 or older;I am currently residing in the United States of America (USA);I am fluent in English";38;Male;8;9;7;8;10;9;9;7;10;Yes;
2021/06/25 10:18:29 pm EET;BUbu2021$$;Option 2;Yes;"I am 18 or older;I am currently residing in the United States of America (USA);I am fluent in English";43;Female;9;7;9;9;10;8;10;9;9;Yes;
2021/06/26 4:46:48 am EET;BUbu2021$$;Option 2;Yes;"I am 18 or older;I am currently residing in the United States of America (USA);I am fluent in English";29;Male;8;4;7;7;5;6;9;4;7;Yes;No
2021/06/26 5:35:40 am EET;BUbu2021$$;Option 2;Yes;"I am 18 or older;I am currently residing in the United States of America (USA);I am fluent in English";50;Female;8;8;4;8;9;8;8;8;8;Yes;Flexibility and attractiveness are key when it comes to creating good forms. I found in this survey.
2021/06/26 11:52:03 am EET;BUbu2021$$;Option 2;Yes;"I am 18 or older;I am currently residing in the United States of America (USA);I am fluent in English";53;Male;8;9;6;6;8;5;8;8;7;Yes;
2021/06/26 5:22:50 pm EET;BUbu2021$$;Option 2;Yes;"I am 18 or older;I am currently residing in the United States of America (USA);I am fluent in English";36;Female;5;4;7;9;9;7;8;3;5;Yes;No
2021/06/28 2:32:03 am EET;BUbu2021$$;Option 2;Yes;"I am 18 or older;I am currently residing in the United States of America (USA);I am fluent in English";40;Female;8;6;8;3;3;4;4;4;6;Yes;Serious doubts about my accurate comprehension of the exercise.
2021/06/28 1:45:25 pm EET;BUbu2021$$;Option 2;Yes;"I am 18 or older;I am currently residing in the United States of America (USA);I am fluent in English";46;Male;8;7;9;8;9;3;5;9;9;Yes;very different from the usual copy/paste research seen on Mturk
2021/06/28 1:51:29 pm EET;BUbu2021$$;Option 2;Yes;"I am 18 or older;I am currently residing in the United States of America (USA);I am fluent in English";43;Female;8;8;8;6;6;4;4;8;8;Yes;
2021/06/28 1:57:47 pm EET;BUbu2021$$;Option 2;Yes;"I am 18 or older;I am currently residing in the United States of America (USA);I am fluent in English";49;Female;5;8;3;2;7;6;8;6;4;Yes;"Again, VERY difficult study, mostly because of having to reason out each statement while consulting the ""key"" of symbols and terms. I did my best, though. Interesting, but difficult!"
2021/06/28 2:55:15 pm EET;BUbu2021$$;Option 2;Yes;"I am 18 or older;I am currently residing in the United States of America (USA);I am fluent in English";53;Female;5;7;3;8;6;9;3;7;8;Yes;no comments
2021/06/28 3:47:02 pm EET;BUbu2021$$;Option 2;Yes;"I am 18 or older;I am currently residing in the United States of America (USA);I am fluent in English";50;Female;10;8;8;9;7;6;7;8;7;Yes;
2021/06/28 5:13:26 pm EET;BUbu2021$$;Option 2;Yes;"I am 18 or older;I am currently residing in the United States of America (USA);I am fluent in English";33;Male;10;10;10;10;10;7;7;10;10;Yes;
2021/06/28 6:28:36 pm EET;BUbu2021$$;Option 2;Yes;"I am 18 or older;I am currently residing in the United States of America (USA);I am fluent in English";39;Male;4;5;6;4;3;6;5;4;5;Yes;
2021/06/29 11:58:21 pm EET;BUbu2021$$;Option 2;Yes;"I am 18 or older;I am currently residing in the United States of America (USA);I am fluent in English";37;Male;10;10;10;9;8;9;2;10;9;Yes;